{
  "threshold_used": 0.55,
  "overall": {
    "n": 19869,
    "positive_rate": 0.11389601892395189,
    "roc_auc": 0.6775987492513624,
    "pr_auc": 0.23437545184317093,
    "fpr": 0.2014086107008974,
    "fnr": 0.5793194874060981,
    "precision_at_thr": 0.21164962205424634,
    "recall_at_thr": 0.4206805125939019
  },
  "race": {
    "Caucasian": {
      "n": 14743,
      "positive_rate": 0.1162585633860137,
      "roc_auc": 0.6753339623940956,
      "pr_auc": 0.24054791229118133,
      "fpr": 0.20285516923785402,
      "fnr": 0.5764294049008168,
      "precision_at_thr": 0.21549421193232413,
      "recall_at_thr": 0.4235705950991832
    },
    "Hispanic": {
      "n": 410,
      "positive_rate": 0.07804878048780488,
      "roc_auc": 0.7677744708994709,
      "pr_auc": 0.29468059630373067,
      "fpr": 0.1693121693121693,
      "fnr": 0.4375,
      "precision_at_thr": 0.21951219512195122,
      "recall_at_thr": 0.5625
    },
    "AfricanAmerican": {
      "n": 3809,
      "positive_rate": 0.11000262536098714,
      "roc_auc": 0.6744411824754825,
      "pr_auc": 0.2128282464689536,
      "fpr": 0.21327433628318584,
      "fnr": 0.5751789976133651,
      "precision_at_thr": 0.19755826859045506,
      "recall_at_thr": 0.42482100238663484
    },
    "Other": {
      "n": 304,
      "positive_rate": 0.09868421052631579,
      "roc_auc": 0.628588807785888,
      "pr_auc": 0.20784048246712777,
      "fpr": 0.1897810218978102,
      "fnr": 0.7333333333333333,
      "precision_at_thr": 0.13333333333333333,
      "recall_at_thr": 0.26666666666666666
    }
  },
  "gender": {
    "Male": {
      "n": 9218,
      "positive_rate": 0.11510088956389672,
      "roc_auc": 0.685874884468646,
      "pr_auc": 0.24746091133669185,
      "fpr": 0.19480201054309182,
      "fnr": 0.5692742695570217,
      "precision_at_thr": 0.2233626588465298,
      "recall_at_thr": 0.43072573044297835
    },
    "Female": {
      "n": 10651,
      "positive_rate": 0.1128532532156605,
      "roc_auc": 0.6703688546746004,
      "pr_auc": 0.22385818631883714,
      "fpr": 0.20711186368927928,
      "fnr": 0.5881863560732113,
      "precision_at_thr": 0.20187601957585644,
      "recall_at_thr": 0.4118136439267887
    }
  },
  "fairness_gaps": {
    "race": {
      "roc_auc": {
        "min": 0.6286,
        "max": 0.7678,
        "gap": 0.1392
      },
      "fpr": {
        "min": 0.1693,
        "max": 0.2133,
        "gap": 0.044
      },
      "fnr": {
        "min": 0.4375,
        "max": 0.7333,
        "gap": 0.2958
      }
    },
    "gender": {
      "roc_auc": {
        "min": 0.6704,
        "max": 0.6859,
        "gap": 0.0155
      },
      "fpr": {
        "min": 0.1948,
        "max": 0.2071,
        "gap": 0.0123
      },
      "fnr": {
        "min": 0.5693,
        "max": 0.5882,
        "gap": 0.0189
      }
    }
  }
}